Fin de la période,Pays,Code du territoire CLDR,Procédure judiciaire,Demandes de renseignements sur les utilisateurs,Pourcentage de demandes auxquelles nous avons partiellement accédé,Utilisateurs/Comptes spécifiés
12/31/2009,Argentine,AR,,98,,
12/31/2009,Australie,AU,,155,,
12/31/2009,Belgique,BE,,67,,
12/31/2009,Brésil,BR,,3663,,
12/31/2009,Canada,CA,,41,,
12/31/2009,Suisse,CH,,42,,
12/31/2009,Chili,CL,,110,,
12/31/2009,Allemagne,DE,,458,,
12/31/2009,Espagne,ES,,324,,
12/31/2009,France,FR,,846,,
12/31/2009,Royaume-Uni,GB,,1166,,
12/31/2009,Israël,IL,,30,,
12/31/2009,Inde,IN,,1061,,
12/31/2009,Italie,IT,,550,,
12/31/2009,Japon,JP,,44,,
12/31/2009,Corée du Sud,KR,,44,,
12/31/2009,Pays-Bas,NL,,67,,
12/31/2009,Pologne,PL,,86,,
12/31/2009,Portugal,PT,,45,,
12/31/2009,Singapour,SG,,62,,
12/31/2009,États-Unis,US,,3580,,
06/30/2010,Argentine,AR,,134,,
06/30/2010,Australie,AU,,200,,
06/30/2010,Belgique,BE,,71,,
06/30/2010,Brésil,BR,,2435,,
06/30/2010,Suisse,CH,,35,,
06/30/2010,Chili,CL,,115,,
06/30/2010,Allemagne,DE,,668,,
06/30/2010,Espagne,ES,,372,,
06/30/2010,France,FR,,1017,,
06/30/2010,Royaume-Uni,GB,,1343,,
06/30/2010,Hong Kong,HK,,50,,
06/30/2010,Israël,IL,,30,,
06/30/2010,Inde,IN,,1430,,
06/30/2010,Italie,IT,,651,,
06/30/2010,Japon,JP,,56,,
06/30/2010,Corée du Sud,KR,,170,,
06/30/2010,Portugal,PT,,73,,
06/30/2010,Singapour,SG,,106,,
06/30/2010,Turquie,TR,,51,,
06/30/2010,Taïwan,TW,,130,,
06/30/2010,États-Unis,US,,4287,,
12/31/2010,Argentine,AR,,127,40,
12/31/2010,Australie,AU,,345,81,
12/31/2010,Belgique,BE,,85,73,
12/31/2010,Brésil,BR,,1804,76,
12/31/2010,Canada,CA,,38,55,
12/31/2010,Chili,CL,,121,66,
12/31/2010,Allemagne,DE,,768,76,
12/31/2010,Espagne,ES,,359,61,
12/31/2010,France,FR,,1021,56,
12/31/2010,Royaume-Uni,GB,,1162,72,
12/31/2010,Hong Kong,HK,,90,59,
12/31/2010,Hongrie,HU,,68,0,
12/31/2010,Israël,IL,,54,76,
12/31/2010,Inde,IN,,1699,79,
12/31/2010,Italie,IT,,837,60,
12/31/2010,Japon,JP,,72,90,
12/31/2010,Corée du Sud,KR,,190,45,
12/31/2010,Mexique,MX,,34,56,
12/31/2010,Pays-Bas,NL,,43,67,
12/31/2010,Pologne,PL,,272,12,
12/31/2010,Portugal,PT,,92,43,
12/31/2010,Singapour,SG,,118,88,
12/31/2010,Turquie,TR,,45,0,
12/31/2010,Taïwan,TW,,156,65,
12/31/2010,États-Unis,US,,4601,94,
06/30/2011,Argentine,AR,,134,32,188
06/30/2011,Australie,AU,,361,73,412
06/30/2011,Belgique,BE,,90,67,111
06/30/2011,Brésil,BR,,703,87,1822
06/30/2011,Canada,CA,,50,48,75
06/30/2011,Suisse,CH,,36,69,42
06/30/2011,Chili,CL,,118,42,143
06/30/2011,Allemagne,DE,,1065,66,1759
06/30/2011,Espagne,ES,,460,63,709
06/30/2011,France,FR,,1312,47,1552
06/30/2011,Royaume-Uni,GB,,1279,63,1444
06/30/2011,Hong Kong,HK,,123,42,123
06/30/2011,Hongrie,HU,,81,0,82
06/30/2011,Israël,IL,,60,60,67
06/30/2011,Inde,IN,,1739,70,2439
06/30/2011,Italie,IT,,934,60,1263
06/30/2011,Japon,JP,,75,87,82
06/30/2011,Corée du Sud,KR,,259,37,530
06/30/2011,Mexique,MX,,48,42,73
06/30/2011,Pays-Bas,NL,,64,48,213
06/30/2011,Pologne,PL,,266,11,319
06/30/2011,Portugal,PT,,161,50,323
06/30/2011,Russie,RU,,42,0,47
06/30/2011,Singapour,SG,,106,75,126
06/30/2011,Turquie,TR,,73,0,74
06/30/2011,Taïwan,TW,,155,81,267
06/30/2011,États-Unis,US,,5950,93,11057
12/31/2011,Argentine,AR,,141,33,201
12/31/2011,Australie,AU,,444,65,496
12/31/2011,Belgique,BE,,99,67,124
12/31/2011,Brésil,BR,,1615,90,2222
12/31/2011,Canada,CA,,41,24,49
12/31/2011,Suisse,CH,,69,67,76
12/31/2011,Chili,CL,,117,43,186
12/31/2011,Allemagne,DE,,1426,45,2027
12/31/2011,Espagne,ES,,388,51,610
12/31/2011,France,FR,,1404,44,1779
12/31/2011,Royaume-Uni,GB,,1455,64,1764
12/31/2011,Hong Kong,HK,,202,51,202
12/31/2011,Hongrie,HU,,73,0,79
12/31/2011,Israël,IL,,51,61,79
12/31/2011,Inde,IN,,2207,66,3427
12/31/2011,Italie,IT,,844,51,1124
12/31/2011,Japon,JP,,90,59,117
12/31/2011,Corée du Sud,KR,,257,37,393
12/31/2011,Mexique,MX,,67,25,115
12/31/2011,Pays-Bas,NL,,37,59,49
12/31/2011,Norvège,NO,,49,69,61
12/31/2011,Pologne,PL,,241,22,297
12/31/2011,Portugal,PT,,147,29,196
12/31/2011,Russie,RU,,58,0,65
12/31/2011,Singapour,SG,,102,83,186
12/31/2011,Turquie,TR,,88,0,92
12/31/2011,Taïwan,TW,,224,75,303
12/31/2011,États-Unis,US,,6321,93,12243
06/30/2012,Argentine,AR,,137,38,178
06/30/2012,Australie,AU,,523,64,841
06/30/2012,Belgique,BE,,107,67,127
06/30/2012,Brésil,BR,,1566,76,2640
06/30/2012,Canada,CA,,50,24,50
06/30/2012,Suisse,CH,,82,68,113
06/30/2012,Chili,CL,,101,45,143
06/30/2012,République tchèque,CZ,,44,32,44
06/30/2012,Allemagne,DE,,1533,39,2007
06/30/2012,Danemark,DK,,32,78,32
06/30/2012,Espagne,ES,,531,52,1037
06/30/2012,France,FR,,1546,42,1880
06/30/2012,Royaume-Uni,GB,,1425,64,1732
06/30/2012,Hong Kong,HK,,192,33,192
06/30/2012,Hongrie,HU,,92,0,139
06/30/2012,Irlande,IE,,34,6,34
06/30/2012,Israël,IL,,55,60,55
06/30/2012,Inde,IN,,2319,64,3467
06/30/2012,Italie,IT,,841,34,1054
06/30/2012,Japon,JP,,104,86,133
06/30/2012,Corée du Sud,KR,,423,35,917
06/30/2012,Mexique,MX,,71,45,136
06/30/2012,Pays-Bas,NL,,59,76,59
06/30/2012,Norvège,NO,,37,70,37
06/30/2012,Pologne,PL,,351,21,458
06/30/2012,Portugal,PT,,184,14,247
06/30/2012,Russie,RU,,58,0,58
06/30/2012,Singapour,SG,,89,70,97
06/30/2012,Turquie,TR,,112,0,120
06/30/2012,Taïwan,TW,,271,63,307
06/30/2012,États-Unis,US,,7969,90,16281
12/31/2012,Argentine,AR,,114,38,175
12/31/2012,Australie,AU,,584,65,711
12/31/2012,Belgique,BE,,120,63,153
12/31/2012,Brésil,BR,,1211,66,2526
12/31/2012,Canada,CA,,38,24,77
12/31/2012,Suisse,CH,,49,67,59
12/31/2012,Chili,CL,,109,58,168
12/31/2012,République tchèque,CZ,,51,31,84
12/31/2012,Allemagne,DE,,1550,42,1944
12/31/2012,Danemark,DK,,34,59,41
12/31/2012,Espagne,ES,,447,49,665
12/31/2012,France,FR,,1693,44,2063
12/31/2012,Royaume-Uni,GB,,1458,70,1918
12/31/2012,Hong Kong,HK,,255,31,251
12/31/2012,Hongrie,HU,,95,0,151
12/31/2012,Israël,IL,,56,59,66
12/31/2012,Inde,IN,,2431,66,4106
12/31/2012,Italie,IT,,846,34,1051
12/31/2012,Japon,JP,,124,62,149
12/31/2012,Corée du Sud,KR,,355,30,771
12/31/2012,Mexique,MX,,90,24,150
12/31/2012,Pologne,PL,,409,17,500
12/31/2012,Portugal,PT,,200,30,278
12/31/2012,Russie,RU,,97,1,123
12/31/2012,Singapour,SG,,96,75,153
12/31/2012,Turquie,TR,,149,0,144
12/31/2012,Taïwan,TW,,290,74,366
12/31/2012,États-Unis,US,Mandat de perquisition,1896,88,3152
12/31/2012,États-Unis,US,Autre,758,90,1249
12/31/2012,États-Unis,US,Citation à comparaître,5784,88,10390
06/30/2013,Argentine,AR,,114,48,132
06/30/2013,Australie,AU,,645,64,807
06/30/2013,Belgique,BE,,194,66,289
06/30/2013,Brésil,BR,,1239,65,1515
06/30/2013,Canada,CA,,49,27,80
06/30/2013,Suisse,CH,,80,73,105
06/30/2013,Chili,CL,,106,51,166
06/30/2013,République tchèque,CZ,,63,41,67
06/30/2013,Allemagne,DE,,2311,48,3079
06/30/2013,Danemark,DK,,37,65,56
06/30/2013,Espagne,ES,,647,55,954
06/30/2013,France,FR,,2011,49,2481
06/30/2013,Royaume-Uni,GB,,1274,67,1818
06/30/2013,Hong Kong,HK,,253,34,259
06/30/2013,Hongrie,HU,,86,0,104
06/30/2013,Israël,IL,,64,59,105
06/30/2013,Inde,IN,,2691,64,4161
06/30/2013,Italie,IT,,901,38,1222
06/30/2013,Japon,JP,,194,58,266
06/30/2013,Corée du Sud,KR,,357,31,1139
06/30/2013,Mexique,MX,,83,39,98
06/30/2013,Pays-Bas,NL,,45,64,46
06/30/2013,Pologne,PL,,496,23,597
06/30/2013,Portugal,PT,,261,30,322
06/30/2013,Russie,RU,,103,0,130
06/30/2013,Suède,SE,,36,33,71
06/30/2013,Singapour,SG,,111,59,141
06/30/2013,Turquie,TR,,204,0,163
06/30/2013,Taïwan,TW,,306,66,444
06/30/2013,États-Unis,US,Mandat de perquisition,2456,81,4281
06/30/2013,États-Unis,US,Ordonnance relative à l'enregistrement des numéros composés,207,89,332
06/30/2013,États-Unis,US,Divulgations d'urgence,119,81,175
06/30/2013,États-Unis,US,Citation à comparaître,7458,84,15770
06/30/2013,États-Unis,US,Ordonnance relative à des mises sur écoute,7,100,7
06/30/2013,États-Unis,US,Autres ordonnances de tribunal,671,69,1118
12/31/2013,Émirats arabes unis,AE,,2,0,2
12/31/2013,Argentine,AR,,123,51,264
12/31/2013,Autriche,AT,,23,26,114
12/31/2013,Australie,AU,,780,70,944
12/31/2013,Belgique,BE,,162,73,206
12/31/2013,Bulgarie,BG,,1,0,3
12/31/2013,Brésil,BR,,1085,49,1471
12/31/2013,Canada,CA,,52,25,75
12/31/2013,Suisse,CH,,111,67,174
12/31/2013,Côte d’Ivoire,CI,,2,0,2
12/31/2013,Chili,CL,,141,45,199
12/31/2013,Chine,CN,,1,0,5
12/31/2013,Colombie,CO,,14,0,17
12/31/2013,Costa Rica,CR,,1,0,1
12/31/2013,République tchèque,CZ,,74,39,88
12/31/2013,Allemagne,DE,,2660,40,3255
12/31/2013,Danemark,DK,,58,62,65
12/31/2013,Équateur,EC,,3,0,4
12/31/2013,Estonie,EE,,2,50,4
12/31/2013,Espagne,ES,,545,53,761
12/31/2013,Finlande,FI,,13,92,48
12/31/2013,France,FR,,2750,51,3378
12/31/2013,Royaume-Uni,GB,,1397,69,3142
12/31/2013,Géorgie,GE,,2,0,4
12/31/2013,Grèce,GR,,13,15,29
12/31/2013,Hong Kong,HK,,347,37,356
12/31/2013,Croatie,HR,,3,0,6
12/31/2013,Hongrie,HU,,42,0,42
12/31/2013,Irlande,IE,,15,27,51
12/31/2013,Israël,IL,,43,65,68
12/31/2013,Inde,IN,,2513,66,4401
12/31/2013,Italie,IT,,896,42,1084
12/31/2013,Japon,JP,,111,60,134
12/31/2013,Kenya,KE,,8,63,11
12/31/2013,Corée du Sud,KR,,353,31,619
12/31/2013,Liban,LB,,3,0,4
12/31/2013,Liechtenstein,LI,,1,0,1
12/31/2013,Lituanie,LT,,11,64,18
12/31/2013,Macao,MO,,3,0,5
12/31/2013,Malte,MT,,54,83,60
12/31/2013,Maurice,MU,,1,0,1
12/31/2013,Mexique,MX,,81,64,120
12/31/2013,Malaisie,MY,,2,0,2
12/31/2013,Nigéria,NG,,2,0,2
12/31/2013,Pays-Bas,NL,,53,75,63
12/31/2013,Norvège,NO,,37,73,51
12/31/2013,Nouvelle-Zélande,NZ,,14,57,17
12/31/2013,Pérou,PE,,2,0,4
12/31/2013,Pakistan,PK,,3,0,3
12/31/2013,Pologne,PL,,502,23,740
12/31/2013,Portugal,PT,,283,45,347
12/31/2013,Roumanie,RO,,16,56,33
12/31/2013,Russie,RU,,90,3,202
12/31/2013,Suède,SE,,18,28,19
12/31/2013,Singapour,SG,,755,68,847
12/31/2013,Slovénie,SI,,1,0,1
12/31/2013,Slovaquie,SK,,34,15,37
12/31/2013,Thaïlande,TH,,14,0,19
12/31/2013,Turquie,TR,,133,1,182
12/31/2013,Trinité-et-Tobago,TT,,1,0,5
12/31/2013,Taïwan,TW,,439,61,580
12/31/2013,Ukraine,UA,,1,0,1
12/31/2013,États-Unis,US,Mandat de perquisition,2537,81,4180
12/31/2013,États-Unis,US,Ordonnance relative à l'enregistrement des numéros composés,140,90,259
12/31/2013,États-Unis,US,Divulgations d'urgence,153,78,217
12/31/2013,États-Unis,US,Citation à comparaître,7044,84,11999
12/31/2013,États-Unis,US,Ordonnance relative à des mises sur écoute,11,100,11
12/31/2013,États-Unis,US,Autres ordonnances de tribunal,689,75,1588
12/31/2013,État de la Cité du Vatican,VA,,1,0,1
12/31/2013,Afrique du Sud,ZA,,2,0,2
06/30/2014,Albanie,AL,,1,0,2
06/30/2014,Argentine,AR,,139,55,177
06/30/2014,Autriche,AT,,47,34,58
06/30/2014,Australie,AU,,752,66,844
06/30/2014,Belgique,BE,,213,73,513
06/30/2014,Bulgarie,BG,,1,0,2
06/30/2014,Brésil,BR,,684,55,1014
06/30/2014,Canada,CA,,27,33,33
06/30/2014,Suisse,CH,,124,68,159
06/30/2014,Chili,CL,,137,39,183
06/30/2014,Chine,CN,,2,50,4
06/30/2014,Colombie,CO,,14,7,21
06/30/2014,République tchèque,CZ,,99,57,154
06/30/2014,Allemagne,DE,,3338,48,4272
06/30/2014,Danemark,DK,,52,50,68
06/30/2014,République dominicaine,DO,,2,0,2
06/30/2014,Équateur,EC,,1,0,1
06/30/2014,Estonie,EE,,3,67,3
06/30/2014,Égypte,EG,,1,0,1
06/30/2014,Espagne,ES,,696,46,921
06/30/2014,Finlande,FI,,17,94,31
06/30/2014,France,FR,,3002,59,3826
06/30/2014,Royaume-Uni,GB,,1535,72,1991
06/30/2014,Guernesey,GG,,2,50,6
06/30/2014,Grèce,GR,,16,38,41
06/30/2014,Hong Kong,HK,,359,48,371
06/30/2014,Croatie,HR,,1,0,1
06/30/2014,Hongrie,HU,,17,0,23
06/30/2014,Indonésie,ID,,1,0,1
06/30/2014,Irlande,IE,,10,30,10
06/30/2014,Israël,IL,,88,66,112
06/30/2014,Inde,IN,,2794,61,5002
06/30/2014,Italie,IT,,1108,43,1401
06/30/2014,Japon,JP,,121,77,164
06/30/2014,Kenya,KE,,2,0,2
06/30/2014,Corée du Sud,KR,,416,29,919
06/30/2014,Liechtenstein,LI,,2,0,2
06/30/2014,Lituanie,LT,,6,83,7
06/30/2014,Luxembourg,LU,,1,0,2
06/30/2014,Macao,MO,,5,0,7
06/30/2014,Malte,MT,,42,67,53
06/30/2014,Maldives,MV,,2,0,5
06/30/2014,Mexique,MX,,111,71,144
06/30/2014,Malaisie,MY,,15,0,20
06/30/2014,Namibie,NA,,1,0,1
06/30/2014,Nigéria,NG,,3,0,5
06/30/2014,Pays-Bas,NL,,72,82,95
06/30/2014,Norvège,NO,,45,56,68
06/30/2014,Népal,NP,,1,0,2
06/30/2014,Nouvelle-Zélande,NZ,,24,79,45
06/30/2014,Pérou,PE,,5,0,6
06/30/2014,Pakistan,PK,,7,0,11
06/30/2014,Pologne,PL,,591,28,767
06/30/2014,Portugal,PT,,338,53,398
06/30/2014,Roumanie,RO,,20,60,56
06/30/2014,Russie,RU,,93,10,114
06/30/2014,Suède,SE,,42,31,94
06/30/2014,Singapour,SG,,1086,61,1125
06/30/2014,Slovénie,SI,,4,50,4
06/30/2014,Slovaquie,SK,,29,7,50
06/30/2014,Thaïlande,TH,,10,0,15
06/30/2014,Turquie,TR,,224,0,905
06/30/2014,Taïwan,TW,,548,3,678
06/30/2014,Ukraine,UA,,2,50,18
06/30/2014,États-Unis,US,Mandat de perquisition,3187,84,5849
06/30/2014,États-Unis,US,Ordonnance relative à l'enregistrement des numéros composés,165,91,227
06/30/2014,États-Unis,US,Divulgations d'urgence,171,65,241
06/30/2014,États-Unis,US,Citation à comparaître,8211,84,13917
06/30/2014,États-Unis,US,Ordonnance relative à des mises sur écoute,7,100,9
06/30/2014,États-Unis,US,Autres ordonnances de tribunal,798,78,1333
06/30/2014,Kosovo,XK,,1,0,2
06/30/2014,Afrique du Sud,ZA,,7,0,7
